Application,Time,Throughput
0,5,0.000000
1,5,0.000000
2,5,0.000000
Application,Time,Throughput
0,5,0.000000
1,5,0.000000
2,5,0.000000
0,10,0.000000
1,10,0.000000
2,10,0.000000
0,15,0.000000
1,15,0.000000
2,15,0.000000
0,20,0.000000
1,20,0.000000
2,20,0.000000
0,25,0.000000
1,25,0.000000
2,25,0.000000
0,30,0.000000
1,30,0.000000
2,30,0.000000
Application,Time,Throughput
Application,Time,Throughput
0,5,0.000000
1,5,0.000000
2,5,0.000000
