Application,Time,Throughput
0,5,0.764544
1,5,0.512013
2,5,0.250214
0,10,0.765702
1,10,0.513171
2,10,0.252531
0,15,0.767440
1,15,0.512592
2,15,0.251373
Application,Time,Throughput
0,5,2.272781
1,5,1.524454
2,5,0.759910
0,10,2.276256
1,10,1.529088
2,10,0.762227
0,15,2.283786
1,15,1.526771
2,15,0.759910
