Application,Time,Throughput
0,5,8.539725
1,5,5.706278
2,5,2.851981
Application,Time,Throughput
0,5,8.539725
1,5,5.706278
2,5,2.851981
0,10,8.523507
1,10,5.712070
2,10,2.850822
0,15,8.548992
1,15,5.699907
2,15,2.845610
0,20,8.545517
1,20,5.682242
2,20,2.846478
0,25,8.544938
1,25,5.696577
2,25,2.839962
0,30,8.571291
1,30,5.706061
2,30,2.822804
Application,Time,Throughput
Application,Time,Throughput
0,5,8.539725
1,5,5.706278
2,5,2.851981
