Application,Time,Throughput
0,5,14.565376
1,5,1.533722
2,5,1.028659
3,5,0.507379
0,10,14.543667
1,10,1.529088
2,10,1.022867
3,10,0.507379
